
{"CelebA_64_0.01_512_0.2.pth": [[[0.422567683336375, 0.37454338966275724, 0.36297792821284147, 0.35129048198918855, 0.4149394405772314, 0.38022391694357327, 0.4005951630261243, 0.3688116385923017, 0.34721592346878005, 0.3423015527865466], [0.8125, 0.8125, 0.8333333333333334, 0.7083333333333334, 0.6666666666666666, 0.8125, 0.8541666666666666, 0.8125, 0.9166666666666666, 0.8333333333333334], [0.3750385437011719, 0.40354827671051025, 0.34868767948150636, 0.3760718775272369, 0.43324313125610353, 0.34983255491256715, 0.36856916785240174, 0.35655609579086306, 0.34257661728858946, 0.3485617495536804], [0.875, 0.7916666666666666, 0.9166666666666666, 0.9166666666666666, 0.8333333333333334, 0.8333333333333334, 0.75, 0.875, 0.9166666666666666, 0.875]], [0.8339242611644616, 0.7287555376560613, 0.7550262784023136]], "CelebA_64_0.01_512_0.5.pth": [[[0.4966677221114678, 0.42027461014287854, 0.4213858185445561, 0.40352382154568384, 0.39611849184993586, 0.40613964150476334, 0.42315843693740535, 0.40601472205975475, 0.38435236583737764, 0.3809554608695952], [0.7708333333333334, 0.8333333333333334, 0.8958333333333334, 0.8541666666666666, 0.7916666666666666, 0.7083333333333334, 0.7916666666666666, 0.8333333333333334, 0.6875, 0.7708333333333334], [0.4079073887348175, 0.3927400135040283, 0.39664986114501954, 0.3919672649383545, 0.3834445285797119, 0.3907430181026459, 0.42949997978210447, 0.37465302176475523, 0.37200446147918703, 0.3819736297130585], [0.875, 0.875, 0.8333333333333334, 0.875, 0.8333333333333334, 0.875, 0.875, 0.875, 0.8333333333333334, 0.7916666666666666]], [0.7247121001941006, 0.7330064631156675, 0.7141068061265722]], "CelebA_64_0.01_1024_0.2.pth": [[[0.643319776905772, 0.5271824480932387, 0.4337711937515937, 0.43256679405946563, 0.41237749544250996, 0.41499259096124896, 0.39631418792335577, 0.387895994860193, 0.3938233388583069, 0.37814891204962037], [0.6666666666666666, 0.7291666666666666, 0.8125, 0.875, 0.75, 0.6875, 0.8125, 0.7291666666666666, 0.8125, 0.8125], [0.6390223558425904, 0.42858343029022217, 0.4201185796737671, 0.4153360261440277, 0.3916488835811615, 0.4077821780204773, 0.38203950548171994, 0.3817848013401032, 0.38588670778274536, 0.37246361215114593], [0.6666666666666666, 0.8333333333333334, 0.8333333333333334, 0.8333333333333334, 0.8333333333333334, 0.8333333333333334, 0.7916666666666666, 0.7916666666666666, 0.875, 0.9166666666666666]], [0.7756800440977822, 0.7403663929248263, 0.7421977712631345]], "CelebA_64_0.01_1024_0.5.pth": [[[0.5240006127092235, 0.44354873689849056, 0.41089302007956885, 0.38009832559339224, 0.36671421270998544, 0.3680430156228792, 0.3595275620898932, 0.359997694011387, 0.343284327355797, 0.3362837818539356], [0.7708333333333334, 0.6875, 0.8333333333333334, 0.8333333333333334, 0.7708333333333334, 0.8333333333333334, 0.75, 0.875, 0.7708333333333334, 0.8333333333333334], [0.45277519030570984, 0.48242648401260374, 0.40331893305778505, 0.3764348665237427, 0.36002404448986053, 0.6384593811750412, 0.36386382236480713, 0.36677088680267333, 0.3657219666481018, 0.34939407386779786], [0.8333333333333334, 0.8333333333333334, 0.7916666666666666, 0.9166666666666666, 0.875, 0.875, 0.8333333333333334, 0.9166666666666666, 0.7916666666666666, 0.875]], [0.7962828129870828, 0.7607883817427386, 0.7633486618633121]], "CelebA_64_0.001_512_0.2.pth": [[[0.3509367411513158, 0.30495320275768906, 0.2843771941407257, 0.26689555999034503, 0.24734546394680468, 0.22343206442797275, 0.19822850970127393, 0.1744463090282267, 0.14696936216443549, 0.11828787318523735], [0.8333333333333334, 0.8333333333333334, 0.8541666666666666, 0.8958333333333334, 0.8541666666666666, 0.8541666666666666, 0.9166666666666666, 0.8958333333333334, 0.9791666666666666, 1.0], [0.32546128289699555, 0.3100836571455002, 0.3575872542858124, 0.30903836879730223, 0.32409111812114716, 0.3570754577875137, 0.3479795043706894, 0.4427819114685059, 0.44634323947429655, 0.5241681547045708], [0.875, 0.875, 0.9166666666666666, 0.9166666666666666, 0.9166666666666666, 0.9583333333333334, 1.0, 0.875, 0.9583333333333334, 0.9583333333333334]], [0.7911545272502206, 0.7727820152549177, 0.7774347229767153]], "CelebA_64_0.001_512_0.5.pth": [[[0.35630184857894087, 0.30915324144122547, 0.2886458283571331, 0.26836544189535444, 0.2491092363281933, 0.22987903712693689, 0.20413679234169024, 0.17502187104786143, 0.1605778613111095, 0.1301320701828012], [0.8958333333333334, 0.9375, 0.8958333333333334, 0.875, 0.7916666666666666, 0.9166666666666666, 0.8541666666666666, 0.8333333333333334, 0.8958333333333334, 0.875], [0.3388548421859741, 0.3194349622249603, 0.32123332290649415, 0.31037974509000776, 0.30833332284688947, 0.41972602581977847, 0.356850150513649, 0.4148997154712677, 0.4121629461616278, 0.46904329476356504], [0.9166666666666666, 0.9583333333333334, 1.0, 0.9583333333333334, 1.0, 0.9166666666666666, 0.9583333333333334, 0.9583333333333334, 1.0, 0.9583333333333334]], [0.7616784674314646, 0.7615508236239453, 0.7612625853966999]], "CelebA_64_0.001_1024_0.2.pth": [[[0.35195209722384774, 0.3059889867596919, 0.28408292660018064, 0.26606304368094713, 0.24734358943027, 0.22376812163673704, 0.1981713291724472, 0.17003685183099013, 0.14405874174345484, 0.11620064821008526], [0.8333333333333334, 0.8958333333333334, 0.875, 0.8333333333333334, 0.8333333333333334, 0.8541666666666666, 0.9791666666666666, 0.9583333333333334, 0.9375, 0.9791666666666666], [0.35190852019786834, 0.3110699750423431, 0.33362620902061463, 0.3357231859087944, 0.3886859447002411, 0.32601197390556336, 0.3603774436235428, 0.5403093809843064, 0.4501860875844955, 0.5353790809631348], [0.9166666666666666, 0.9583333333333334, 0.875, 0.9583333333333334, 0.9166666666666666, 0.9166666666666666, 0.9583333333333334, 0.9166666666666666, 0.875, 0.9583333333333334]], [0.7876304025433877, 0.7705280064244128, 0.7747482952194459]], "CelebA_64_0.001_1024_0.5.pth": [[[0.3565682851330704, 0.3107831714212742, 0.286387938939397, 0.27286348411875305, 0.2553336336027326, 0.23149485172479964, 0.20648335230053233, 0.17788299397015206, 0.1504382094477906, 0.12624773804260336], [0.8333333333333334, 0.8958333333333334, 0.9375, 0.8125, 0.8541666666666666, 0.9583333333333334, 0.9166666666666666, 0.9375, 0.9791666666666666, 0.8958333333333334], [0.3984983365535736, 0.3220940003395081, 0.32001800379753115, 0.33375282731056216, 0.3128645199537277, 0.3486552710056305, 0.37127655807733534, 0.3969307306289673, 0.4365659026503563, 0.527763757276535], [0.875, 0.9583333333333334, 0.9166666666666666, 0.9166666666666666, 0.9166666666666666, 0.9166666666666666, 0.9583333333333334, 0.9166666666666666, 0.9166666666666666, 0.875]], [0.7758583919481745, 0.7589877485438843, 0.7626236836726533]], "CelebA_128_0.01_512_0.2.pth": [[[0.42049290045447973, 0.3696395869145308, 0.3468674099658761, 0.3353581583256002, 0.3271119545030472, 0.320786733380364, 0.31127981856808334, 0.30491915890170485, 0.2994219050992785, 0.29201179662781296], [0.8083333333333333, 0.8583333333333333, 0.8166666666666667, 0.7916666666666666, 0.8333333333333334, 0.8541666666666666, 0.8708333333333333, 0.8458333333333333, 0.8375, 0.8791666666666667], [0.3876084708213806, 0.37344396209716796, 0.3530878140926361, 0.37197529153823855, 0.37616385111808776, 0.339768972492218, 0.33197751841545103, 0.340899062871933, 0.34123896503448486, 0.34525279664993286], [0.8333333333333334, 0.875, 0.8333333333333334, 0.7916666666666666, 0.875, 0.875, 0.7916666666666666, 0.8333333333333334, 0.8333333333333334, 0.8333333333333334]], [0.8015443875873527, 0.7562854825628548, 0.7651847704905619]],